Metric,Value
RMSE,1.0134823883273554
R²,0.3645752575380278
MAE,0.8215233689026429
