Metric,Value
AUC-ROC,0.5123086301072469
Accuracy,0.5104019031215364
RMSE,0.19693248950938708
R²,0.0017413991025148068
MAE,0.07631962652559722
Optimal_K,3.0
